<?xml version="1.0" encoding="UTF-8"?>
<!-- Instructions to globally suppress: https://pages.github.ibm.com/managed-security/dept-it/#/systems/devsecops/owasp-dependency-check/5/runbooks/globally_suppress_finding -->
<!-- Instructions to respond to findings: https://pages.github.ibm.com/managed-security/dept-it/#/systems/devsecops/owasp-dependency-check/5/runbooks/respond_to_findings -->
<!-- Syntax: https://jeremylong.github.io/DependencyCheck/general/suppression.html -->
<suppressions xmlns="https://jeremylong.github.io/DependencyCheck/dependency-suppression.1.3.xsd">
  <suppress>
    <notes><![CDATA[
      file name: spring-cloud-kubernetes-core-1.1.3.RELEASE.jar
      ]]></notes>
    <packageUrl regex="true">^pkg:maven/org\.springframework\.cloud/spring\-cloud\-kubernetes\-core@.*$</packageUrl>
    <cpe>cpe:/a:kubernetes:kubernetes</cpe>
  </suppress>
  <suppress>
    <notes><![CDATA[
      file name: spring-cloud-kubernetes-config-1.1.3.RELEASE.jar
      ]]></notes>
    <packageUrl regex="true">^pkg:maven/org\.springframework\.cloud/spring\-cloud\-kubernetes\-config@.*$</packageUrl>
    <cpe>cpe:/a:kubernetes:kubernetes</cpe>
  </suppress>
  <suppress>
    <notes><![CDATA[
      file name: spring-cloud-starter-kubernetes-config-1.1.3.RELEASE.jar
      ]]></notes>
    <packageUrl regex="true">^pkg:maven/org\.springframework\.cloud/spring\-cloud\-starter\-kubernetes\-config@.*$</packageUrl>
    <cpe>cpe:/a:kubernetes:kubernetes</cpe>
  </suppress>
  <suppress>
    <notes><![CDATA[
      file name: spring-security-crypto-5.2.5.RELEASE.jar
      ]]></notes>
    <packageUrl regex="true">^pkg:maven/org\.springframework\.security/spring\-security\-crypto@.*$</packageUrl>
    <cve>CVE-2018-1258</cve>
  </suppress>
</suppressions>