<?xml version="1.0" encoding="UTF-8"?>
<!-- Instructions to globally suppress: https://pages.github.ibm.com/managed-security/dept-it/#/systems/devsecops/owasp-dependency-check/5/runbooks/globally_suppress_finding -->
<!-- Instructions to respond to findings: https://pages.github.ibm.com/managed-security/dept-it/#/systems/devsecops/owasp-dependency-check/5/runbooks/respond_to_findings -->
<!-- Syntax: https://jeremylong.github.io/DependencyCheck/general/suppression.html -->
<suppressions xmlns="https://jeremylong.github.io/DependencyCheck/dependency-suppression.1.3.xsd">

  <!-- Spring jar vulnerability suppressions -->  
  <suppress>
   <notes><![CDATA[ XPS 148329  file name: spring-core-5.3.20.jar ]]></notes>
   <packageUrl regex="true">^pkg:maven/org\.springframework/spring\-core@.*$</packageUrl>
   <cve>CVE-2016-1000027</cve>
  </suppress>
  <suppress>
   <notes><![CDATA[ XPS 148329  file name: spring-tx-5.3.20.jar ]]></notes>
   <packageUrl regex="true">^pkg:maven/org\.springframework/spring\-tx@.*$</packageUrl>
   <cve>CVE-2016-1000027</cve>
  </suppress>
  <suppress>
   <notes><![CDATA[ XPS 148329  file name: spring-aop-5.3.20.jar ]]></notes>
   <packageUrl regex="true">^pkg:maven/org\.springframework/spring\-aop@.*$</packageUrl>
   <cve>CVE-2016-1000027</cve>
  </suppress>
  <suppress>
   <notes><![CDATA[ XPS 148329  file name: spring-jcl-5.3.20.jar ]]></notes>
   <packageUrl regex="true">^pkg:maven/org\.springframework/spring\-jcl@.*$</packageUrl>
   <cve>CVE-2016-1000027</cve>
  </suppress>
  <suppress>
   <notes><![CDATA[ XPS 148329  file name: spring-jms-5.3.20.jar ]]></notes>
   <packageUrl regex="true">^pkg:maven/org\.springframework/spring\-jms@.*$</packageUrl>
   <cve>CVE-2016-1000027</cve>
  </suppress>
  <suppress>
   <notes><![CDATA[ XPS 148329  file name: spring-web-5.3.20.jar ]]></notes>
   <packageUrl regex="true">^pkg:maven/org\.springframework/spring\-web@.*$</packageUrl>
   <cve>CVE-2016-1000027</cve>
  </suppress>
  <suppress>
   <notes><![CDATA[ XPS 148329  file name: spring-beans-5.3.20.jar ]]></notes>
   <packageUrl regex="true">^pkg:maven/org\.springframework/spring\-beans@.*$</packageUrl>
   <cve>CVE-2016-1000027</cve>
  </suppress>
  <suppress>
   <notes><![CDATA[ XPS 148329  file name: spring-context-5.3.20.jar ]]></notes>
   <packageUrl regex="true">^pkg:maven/org\.springframework/spring\-context@.*$</packageUrl>
   <cve>CVE-2016-1000027</cve>
  </suppress>
  <suppress>
   <notes><![CDATA[ XPS 148329  file name: spring-expression-5.3.20.jar ]]></notes>
   <packageUrl regex="true">^pkg:maven/org\.springframework/spring\-expression@.*$</packageUrl>
   <cve>CVE-2016-1000027</cve>
  </suppress>
  <suppress>
   <notes><![CDATA[ XPS 148329  file name: spring-messaging-5.3.20.jar ]]></notes>
   <packageUrl regex="true">^pkg:maven/org\.springframework/spring\-messaging@.*$</packageUrl>
   <cve>CVE-2016-1000027</cve>
  </suppress>
  <suppress>
   <notes><![CDATA[ XPS 1483292  file name: spring-test-5.3.20.jar ]]></notes>
   <packageUrl regex="true">^pkg:maven/org\.springframework/spring\-test@.*$</packageUrl>
   <cve>CVE-2016-1000027</cve>
  </suppress>
  <suppress>
   <notes><![CDATA[ XPS 148329  file name: spring-webflux-5.3.20.jar ]]></notes>
   <packageUrl regex="true">^pkg:maven/org\.springframework/spring\-webflux@.*$</packageUrl>
   <cve>CVE-2016-1000027</cve>
  </suppress>
  <suppress>
   <notes><![CDATA[ XPS 148329  file name: spring-webmvc-5.3.20.jar ]]></notes>
   <packageUrl regex="true">^pkg:maven/org\.springframework/spring\-webmvc@.*$</packageUrl>
   <cve>CVE-2016-1000027</cve>
  </suppress>
  <suppress>
   <notes><![CDATA[ XPS 148329 file name: spring-orm-5.3.20.jar ]]></notes>
   <packageUrl regex="true">^pkg:maven/org\.springframework/spring\-orm@.*$</packageUrl>
   <cve>CVE-2016-1000027</cve>
  </suppress>  
  <suppress>
   <notes><![CDATA[ XPS 148329 file name: spring-jdbc-5.3.20.jar ]]></notes>
   <packageUrl regex="true">^pkg:maven/org\.springframework/spring\-jdbc@.*$</packageUrl>
   <cve>CVE-2016-1000027</cve>
  </suppress>     
  <suppress>
   <notes><![CDATA[ XPS 148329 file name: spring-aspects-5.3.20.jar ]]></notes>
   <packageUrl regex="true">^pkg:maven/org\.springframework/spring\-aspects@.*$</packageUrl>
   <cve>CVE-2016-1000027</cve>
  </suppress>   
       
  <!-- end of spring jars -->

</suppressions>