{
  "annotations": {
    "list": [
      {
        "builtIn": 1,
        "datasource": "-- Grafana --",
        "enable": true,
        "hide": true,
        "iconColor": "rgba(0, 211, 255, 1)",
        "limit": 100,
        "name": "Annotations & Alerts",
        "showIn": 0,
        "target": {
          "limit": 100,
          "matchAny": false,
          "tags": [],
          "type": "dashboard"
        },
        "type": "dashboard"
      },
      {
        "datasource": "Atlanta Stage Prometheus",
        "enable": false,
        "expr": "resets(process_uptime_seconds{application=\"$application\", instance=\"$instance\"}[1m]) > 0",
        "iconColor": "rgba(255, 96, 96, 1)",
        "name": "Restart Detection",
        "showIn": 0,
        "step": "1m",
        "tagKeys": "restart-tag",
        "textFormat": "uptime reset",
        "titleFormat": "Restart"
      }
    ]
  },
  "description": "Dashboard for Micrometer instrumented applications (Java, Spring Boot, Micronaut)",
  "editable": true,
  "fiscalYearStartMonth": 0,
  "gnetId": 4701,
  "graphTooltip": 1,
  "id": 531,
  "iteration": 1649432191138,
  "links": [],
  "liveNow": false,
  "panels": [
    {
      "collapsed": false,
      "gridPos": {
        "h": 1,
        "w": 24,
        "x": 0,
        "y": 0
      },
      "id": 135,
      "panels": [],
      "title": "Overview",
      "type": "row"
    },
    {
      "datasource": {
        "uid": "$ds"
      },
      "fieldConfig": {
        "defaults": {
          "color": {
            "mode": "thresholds"
          },
          "decimals": 1,
          "mappings": [
            {
              "options": {
                "match": "null",
                "result": {
                  "text": "N/A"
                }
              },
              "type": "special"
            }
          ],
          "thresholds": {
            "mode": "absolute",
            "steps": [
              {
                "color": "green",
                "value": null
              },
              {
                "color": "red",
                "value": 80
              }
            ]
          },
          "unit": "s"
        },
        "overrides": []
      },
      "gridPos": {
        "h": 3,
        "w": 6,
        "x": 0,
        "y": 1
      },
      "id": 63,
      "links": [],
      "maxDataPoints": 100,
      "options": {
        "colorMode": "value",
        "graphMode": "none",
        "justifyMode": "auto",
        "orientation": "horizontal",
        "reduceOptions": {
          "calcs": [
            "lastNotNull"
          ],
          "fields": "",
          "values": false
        },
        "text": {},
        "textMode": "auto"
      },
      "pluginVersion": "8.4.3",
      "targets": [
        {
          "hide": false,
          "refId": "A",
          "target": "$base.$env.$platform.$namespace.$application.process_uptime_seconds.application.$application"
        }
      ],
      "title": "Uptime",
      "type": "stat"
    },
    {
      "datasource": {
        "uid": "$ds"
      },
      "fieldConfig": {
        "defaults": {
          "color": {
            "mode": "thresholds"
          },
          "mappings": [
            {
              "options": {
                "match": "null",
                "result": {
                  "text": "N/A"
                }
              },
              "type": "special"
            }
          ],
          "thresholds": {
            "mode": "absolute",
            "steps": [
              {
                "color": "green",
                "value": null
              },
              {
                "color": "red",
                "value": 80
              }
            ]
          },
          "unit": "dateTimeAsIso"
        },
        "overrides": []
      },
      "gridPos": {
        "h": 3,
        "w": 6,
        "x": 6,
        "y": 1
      },
      "id": 92,
      "links": [],
      "maxDataPoints": 100,
      "options": {
        "colorMode": "value",
        "graphMode": "none",
        "justifyMode": "auto",
        "orientation": "horizontal",
        "reduceOptions": {
          "calcs": [
            "lastNotNull"
          ],
          "fields": "",
          "values": false
        },
        "text": {},
        "textMode": "auto"
      },
      "pluginVersion": "8.4.3",
      "targets": [
        {
          "refId": "A",
          "target": "scale($base.$env.$platform.$namespace.$application.process_start_time_seconds.application.$application, 1000)"
        }
      ],
      "title": "Start time",
      "type": "stat"
    },
    {
      "datasource": {
        "uid": "$ds"
      },
      "fieldConfig": {
        "defaults": {
          "color": {
            "mode": "thresholds"
          },
          "decimals": 2,
          "mappings": [
            {
              "options": {
                "match": "null",
                "result": {
                  "text": "N/A"
                }
              },
              "type": "special"
            }
          ],
          "thresholds": {
            "mode": "absolute",
            "steps": [
              {
                "color": "rgba(50, 172, 45, 0.97)",
                "value": null
              },
              {
                "color": "rgba(237, 129, 40, 0.89)",
                "value": 70
              },
              {
                "color": "rgba(245, 54, 54, 0.9)",
                "value": 90
              }
            ]
          },
          "unit": "percent"
        },
        "overrides": []
      },
      "gridPos": {
        "h": 3,
        "w": 6,
        "x": 12,
        "y": 1
      },
      "id": 65,
      "links": [],
      "maxDataPoints": 100,
      "options": {
        "colorMode": "value",
        "graphMode": "none",
        "justifyMode": "auto",
        "orientation": "horizontal",
        "reduceOptions": {
          "calcs": [
            "lastNotNull"
          ],
          "fields": "",
          "values": false
        },
        "text": {},
        "textMode": "auto"
      },
      "pluginVersion": "8.4.3",
      "targets": [
        {
          "hide": true,
          "refCount": 1,
          "refId": "A",
          "target": "scale(sumSeries($base.$env.$platform.$namespace.$application.jvm_memory_used_bytes.application.$application.area.heap.*.*), 100)",
          "textEditor": false
        },
        {
          "hide": true,
          "refCount": 1,
          "refId": "B",
          "target": "sumSeries($base.$env.$platform.$namespace.$application.jvm_memory_max_bytes.application.$application.area.heap.*.*)"
        },
        {
          "refCount": 0,
          "refId": "C",
          "target": "divideSeries(#A, #B)",
          "targetFull": "divideSeries(scale(sumSeries($base.$env.$platform.$namespace.$application.jvm_memory_used_bytes.application.$application.area.heap.*.*), 100), sumSeries($base.$env.$platform.$namespace.$application.jvm_memory_max_bytes.application.$application.area.heap.*.*))",
          "textEditor": false
        }
      ],
      "title": "Heap used",
      "type": "stat"
    },
    {
      "datasource": {
        "uid": "$ds"
      },
      "fieldConfig": {
        "defaults": {
          "color": {
            "mode": "thresholds"
          },
          "decimals": 2,
          "mappings": [
            {
              "options": {
                "match": "null",
                "result": {
                  "text": "N/A"
                }
              },
              "type": "special"
            },
            {
              "options": {
                "from": -1e+32,
                "result": {
                  "text": "N/A"
                },
                "to": 0
              },
              "type": "range"
            }
          ],
          "thresholds": {
            "mode": "absolute",
            "steps": [
              {
                "color": "rgba(50, 172, 45, 0.97)",
                "value": null
              },
              {
                "color": "rgba(237, 129, 40, 0.89)",
                "value": 70
              },
              {
                "color": "rgba(245, 54, 54, 0.9)",
                "value": 90
              }
            ]
          },
          "unit": "percent"
        },
        "overrides": []
      },
      "gridPos": {
        "h": 3,
        "w": 6,
        "x": 18,
        "y": 1
      },
      "id": 75,
      "links": [],
      "maxDataPoints": 100,
      "options": {
        "colorMode": "value",
        "graphMode": "none",
        "justifyMode": "auto",
        "orientation": "horizontal",
        "reduceOptions": {
          "calcs": [
            "lastNotNull"
          ],
          "fields": "",
          "values": false
        },
        "text": {},
        "textMode": "auto"
      },
      "pluginVersion": "8.4.3",
      "targets": [
        {
          "hide": true,
          "refCount": 1,
          "refId": "A",
          "target": "scale(sumSeries($base.$env.$platform.$namespace.$application.jvm_memory_used_bytes.application.$application.area.nonheap.*.*), 100)"
        },
        {
          "hide": true,
          "refCount": 1,
          "refId": "B",
          "target": "sumSeries($base.$env.$platform.$namespace.$application.jvm_memory_max_bytes.application.$application.area.nonheap.*.*)"
        },
        {
          "refCount": 0,
          "refId": "C",
          "target": "divideSeries(#A, #B)",
          "targetFull": "divideSeries(scale(sumSeries($base.$env.$platform.$namespace.$application.jvm_memory_used_bytes.application.$application.area.nonheap.*.*), 100), sumSeries($base.$env.$platform.$namespace.$application.jvm_memory_max_bytes.application.$application.area.nonheap.*.*))"
        }
      ],
      "title": "Non-Heap used",
      "type": "stat"
    },
    {
      "aliasColors": {},
      "bars": false,
      "dashLength": 10,
      "dashes": false,
      "datasource": {
        "uid": "$ds"
      },
      "fieldConfig": {
        "defaults": {
          "links": []
        },
        "overrides": []
      },
      "fill": 1,
      "fillGradient": 0,
      "gridPos": {
        "h": 7,
        "w": 12,
        "x": 0,
        "y": 4
      },
      "hiddenSeries": false,
      "id": 141,
      "legend": {
        "avg": false,
        "current": false,
        "max": false,
        "min": false,
        "show": true,
        "total": false,
        "values": false
      },
      "lines": true,
      "linewidth": 1,
      "nullPointMode": "null",
      "options": {
        "alertThreshold": true
      },
      "percentage": false,
      "pluginVersion": "8.4.3",
      "pointradius": 2,
      "points": false,
      "renderer": "flot",
      "seriesOverrides": [],
      "spaceLength": 10,
      "stack": false,
      "steppedLine": false,
      "targets": [
        {
          "hide": false,
          "refCount": -1,
          "refId": "A",
          "target": "alias(perSecond(sumSeries($base.$env.$platform.$namespace.$application.http_server_requests_seconds_count.application.$application.exception.*.method.*.outcome.*.status.*.uri.*)), 'http request rate')",
          "textEditor": false
        }
      ],
      "thresholds": [],
      "timeRegions": [],
      "title": "HTTP Request Rate",
      "tooltip": {
        "shared": true,
        "sort": 0,
        "value_type": "individual"
      },
      "type": "graph",
      "xaxis": {
        "mode": "time",
        "show": true,
        "values": []
      },
      "yaxes": [
        {
          "format": "reqps",
          "label": "",
          "logBase": 1,
          "show": true
        },
        {
          "format": "short",
          "logBase": 1,
          "show": true
        }
      ],
      "yaxis": {
        "align": false
      }
    },
    {
      "aliasColors": {},
      "bars": false,
      "dashLength": 10,
      "dashes": false,
      "fieldConfig": {
        "defaults": {
          "links": []
        },
        "overrides": []
      },
      "fill": 1,
      "fillGradient": 0,
      "gridPos": {
        "h": 7,
        "w": 12,
        "x": 12,
        "y": 4
      },
      "hiddenSeries": false,
      "id": 143,
      "legend": {
        "avg": false,
        "current": false,
        "max": false,
        "min": false,
        "show": true,
        "total": false,
        "values": false
      },
      "lines": true,
      "linewidth": 1,
      "nullPointMode": "null",
      "options": {
        "alertThreshold": true
      },
      "percentage": false,
      "pluginVersion": "8.4.3",
      "pointradius": 2,
      "points": false,
      "renderer": "flot",
      "seriesOverrides": [],
      "spaceLength": 10,
      "stack": false,
      "steppedLine": false,
      "targets": [
        {
          "refId": "A",
          "target": "alias(perSecond($base.$env.$platform.$namespace.$application.spring_kafka_listener_seconds_count.application.$application.exception.none.name.*.result.success), 'kafka consumption rate')"
        }
      ],
      "thresholds": [],
      "timeRegions": [],
      "title": "Kafka Consumption Rate",
      "tooltip": {
        "shared": true,
        "sort": 0,
        "value_type": "individual"
      },
      "type": "graph",
      "xaxis": {
        "mode": "time",
        "show": true,
        "values": []
      },
      "yaxes": [
        {
          "format": "ops",
          "logBase": 1,
          "show": true
        },
        {
          "format": "short",
          "logBase": 1,
          "show": true
        }
      ],
      "yaxis": {
        "align": false
      }
    },
    {
      "aliasColors": {},
      "bars": false,
      "dashLength": 10,
      "dashes": false,
      "fieldConfig": {
        "defaults": {
          "links": []
        },
        "overrides": []
      },
      "fill": 1,
      "fillGradient": 0,
      "gridPos": {
        "h": 8,
        "w": 12,
        "x": 0,
        "y": 11
      },
      "hiddenSeries": false,
      "id": 179,
      "legend": {
        "avg": false,
        "current": false,
        "max": false,
        "min": false,
        "show": true,
        "total": false,
        "values": false
      },
      "lines": true,
      "linewidth": 1,
      "nullPointMode": "null",
      "options": {
        "alertThreshold": true
      },
      "percentage": false,
      "pluginVersion": "8.4.3",
      "pointradius": 2,
      "points": false,
      "renderer": "flot",
      "seriesOverrides": [],
      "spaceLength": 10,
      "stack": false,
      "steppedLine": false,
      "targets": [
        {
          "hide": true,
          "refCount": -1,
          "refId": "A",
          "target": "$base.$env.$platform.$namespace.$application.spring_kafka_listener_seconds_sum.application.$application.exception.none.name.*.result.success",
          "textEditor": false
        },
        {
          "hide": true,
          "refCount": -1,
          "refId": "B",
          "target": "$base.$env.$platform.$namespace.$application.spring_kafka_listener_seconds_count.application.$application.exception.none.name.*.result.success",
          "textEditor": false
        },
        {
          "refCount": 0,
          "refId": "C",
          "target": "alias(divideSeries(#A, #B), 'response time')",
          "targetFull": "alias(divideSeries($base.$env.$platform.$namespace.$application.spring_kafka_listener_seconds_sum.application.$application.exception.none.name.*.result.success, $base.$env.$platform.$namespace.$application.spring_kafka_listener_seconds_count.application.$application.exception.none.name.*.result.success), 'response time')"
        }
      ],
      "thresholds": [],
      "timeRegions": [],
      "title": "Avg Kafka Response Time",
      "tooltip": {
        "shared": true,
        "sort": 0,
        "value_type": "individual"
      },
      "type": "graph",
      "xaxis": {
        "mode": "time",
        "show": true,
        "values": []
      },
      "yaxes": [
        {
          "format": "s",
          "logBase": 1,
          "show": true
        },
        {
          "format": "short",
          "logBase": 1,
          "show": true
        }
      ],
      "yaxis": {
        "align": false
      }
    },
    {
      "aliasColors": {},
      "bars": false,
      "dashLength": 10,
      "dashes": false,
      "fieldConfig": {
        "defaults": {
          "links": []
        },
        "overrides": []
      },
      "fill": 1,
      "fillGradient": 0,
      "gridPos": {
        "h": 8,
        "w": 12,
        "x": 12,
        "y": 11
      },
      "hiddenSeries": false,
      "id": 181,
      "legend": {
        "avg": false,
        "current": false,
        "max": false,
        "min": false,
        "show": true,
        "total": false,
        "values": false
      },
      "lines": true,
      "linewidth": 1,
      "nullPointMode": "null",
      "options": {
        "alertThreshold": true
      },
      "percentage": false,
      "pluginVersion": "8.4.3",
      "pointradius": 2,
      "points": false,
      "renderer": "flot",
      "seriesOverrides": [],
      "spaceLength": 10,
      "stack": false,
      "steppedLine": false,
      "targets": [
        {
          "refId": "A",
          "target": "aliasByNode(perSecond($base.$env.$platform.$namespace.$application.spring_kafka_listener_seconds_count.application.$application.exception.*Exception*.name.*.result.failure), 9)",
          "textEditor": false
        }
      ],
      "thresholds": [],
      "timeRegions": [],
      "title": "Error Rate in Kafka",
      "tooltip": {
        "shared": true,
        "sort": 0,
        "value_type": "individual"
      },
      "type": "graph",
      "xaxis": {
        "mode": "time",
        "show": true,
        "values": []
      },
      "yaxes": [
        {
          "format": "ops",
          "logBase": 1,
          "min": "0",
          "show": true
        },
        {
          "format": "short",
          "logBase": 1,
          "show": true
        }
      ],
      "yaxis": {
        "align": false
      }
    },
    {
      "collapsed": false,
      "gridPos": {
        "h": 1,
        "w": 24,
        "x": 0,
        "y": 19
      },
      "id": 125,
      "panels": [],
      "title": "Services Metrics",
      "type": "row"
    },
    {
      "aliasColors": {},
      "breakPoint": "50%",
      "combine": {
        "label": "Others",
        "threshold": 0
      },
      "decimals": 0,
      "fontSize": "80%",
      "format": "short",
      "gridPos": {
        "h": 8,
        "w": 8,
        "x": 0,
        "y": 20
      },
      "id": 169,
      "legend": {
        "header": "Count",
        "show": true,
        "sort": "current",
        "sortDesc": true,
        "values": true
      },
      "legendType": "Right side",
      "links": [],
      "maxDataPoints": 3,
      "nullPointMode": "connected",
      "pieType": "pie",
      "pluginVersion": "6.3.5",
      "strokeWidth": 1,
      "targets": [
        {
          "refId": "A",
          "target": "currentAbove(aliasByNode($base.$env.$platform.$namespace.$application.report_requests_total.application.$application.deviceId.*.state.new, 9), 1)",
          "textEditor": false
        }
      ],
      "title": "Report Requests Received",
      "type": "grafana-piechart-panel",
      "valueName": "current"
    },
    {
      "aliasColors": {},
      "breakPoint": "50%",
      "combine": {
        "label": "Others",
        "threshold": 0
      },
      "decimals": 0,
      "fontSize": "80%",
      "format": "short",
      "gridPos": {
        "h": 8,
        "w": 8,
        "x": 8,
        "y": 20
      },
      "id": 165,
      "legend": {
        "header": "Count",
        "show": true,
        "sort": "current",
        "sortDesc": true,
        "values": true
      },
      "legendType": "Right side",
      "links": [],
      "maxDataPoints": 3,
      "nullPointMode": "connected",
      "pieType": "pie",
      "pluginVersion": "6.3.5",
      "strokeWidth": 1,
      "targets": [
        {
          "refCount": -1,
          "refId": "A",
          "target": "currentAbove(aliasByNode($base.$env.$platform.$namespace.$application.report_requests_total.application.$application.deviceId.*.state.success, 9), 1)",
          "textEditor": false
        }
      ],
      "title": "Report Requests Successfully Processed",
      "type": "grafana-piechart-panel",
      "valueName": "current"
    },
    {
      "aliasColors": {},
      "bars": true,
      "dashLength": 10,
      "dashes": false,
      "fieldConfig": {
        "defaults": {
          "links": []
        },
        "overrides": []
      },
      "fill": 1,
      "fillGradient": 0,
      "gridPos": {
        "h": 8,
        "w": 8,
        "x": 16,
        "y": 20
      },
      "hiddenSeries": false,
      "id": 171,
      "legend": {
        "avg": false,
        "current": false,
        "max": false,
        "min": false,
        "show": true,
        "total": false,
        "values": false
      },
      "lines": false,
      "linewidth": 1,
      "links": [],
      "nullPointMode": "null",
      "options": {
        "alertThreshold": true
      },
      "percentage": false,
      "pluginVersion": "8.4.3",
      "pointradius": 2,
      "points": false,
      "renderer": "flot",
      "seriesOverrides": [],
      "spaceLength": 10,
      "stack": false,
      "steppedLine": false,
      "targets": [
        {
          "refCount": 0,
          "refId": "B",
          "target": "aliasByNode(summarize(nonNegativeDerivative(atl.prd.k8s.xpp.mdr-report.report_requests_total.application.mdr-report.deviceId.*.state.failure), '5m', 'sum', false), 9)",
          "textEditor": false
        }
      ],
      "thresholds": [],
      "timeRegions": [],
      "title": "Report Requests Failed in Processing",
      "tooltip": {
        "shared": true,
        "sort": 0,
        "value_type": "individual"
      },
      "type": "graph",
      "xaxis": {
        "mode": "time",
        "show": true,
        "values": []
      },
      "yaxes": [
        {
          "format": "short",
          "logBase": 1,
          "show": true
        },
        {
          "format": "short",
          "logBase": 1,
          "show": true
        }
      ],
      "yaxis": {
        "align": false
      }
    },
    {
      "collapsed": false,
      "gridPos": {
        "h": 1,
        "w": 24,
        "x": 0,
        "y": 28
      },
      "id": 126,
      "panels": [],
      "title": "I/O Overview",
      "type": "row"
    },
    {
      "aliasColors": {},
      "bars": false,
      "dashLength": 10,
      "dashes": false,
      "datasource": {
        "uid": "$ds"
      },
      "fieldConfig": {
        "defaults": {
          "links": []
        },
        "overrides": []
      },
      "fill": 1,
      "fillGradient": 0,
      "gridPos": {
        "h": 7,
        "w": 6,
        "x": 0,
        "y": 29
      },
      "hiddenSeries": false,
      "id": 111,
      "legend": {
        "alignAsTable": false,
        "avg": false,
        "current": true,
        "max": false,
        "min": false,
        "show": true,
        "total": false,
        "values": true
      },
      "lines": true,
      "linewidth": 1,
      "links": [],
      "nullPointMode": "null",
      "options": {
        "alertThreshold": true
      },
      "percentage": false,
      "pluginVersion": "8.4.3",
      "pointradius": 5,
      "points": false,
      "renderer": "flot",
      "seriesOverrides": [],
      "spaceLength": 10,
      "stack": false,
      "steppedLine": false,
      "targets": [
        {
          "refId": "A",
          "target": "alias(sumSeries(perSecond($base.$env.$platform.$namespace.$application.http_server_requests_seconds_count.application.$application.*.*.*.*.*.*.status.*.*.*)), 'HTTP')",
          "textEditor": false
        }
      ],
      "thresholds": [],
      "timeRegions": [],
      "title": "Rate",
      "tooltip": {
        "shared": true,
        "sort": 0,
        "value_type": "individual"
      },
      "type": "graph",
      "xaxis": {
        "mode": "time",
        "show": true,
        "values": []
      },
      "yaxes": [
        {
          "format": "ops",
          "logBase": 1,
          "min": "0",
          "show": true
        },
        {
          "format": "short",
          "logBase": 1,
          "show": true
        }
      ],
      "yaxis": {
        "align": false
      }
    },
    {
      "aliasColors": {
        "HTTP": "#890f02",
        "HTTP - 5xx": "#bf1b00"
      },
      "bars": false,
      "dashLength": 10,
      "dashes": false,
      "datasource": {
        "uid": "$ds"
      },
      "fieldConfig": {
        "defaults": {
          "links": []
        },
        "overrides": []
      },
      "fill": 1,
      "fillGradient": 0,
      "gridPos": {
        "h": 7,
        "w": 6,
        "x": 6,
        "y": 29
      },
      "hiddenSeries": false,
      "id": 112,
      "legend": {
        "avg": false,
        "current": true,
        "max": false,
        "min": false,
        "show": true,
        "total": false,
        "values": true
      },
      "lines": true,
      "linewidth": 1,
      "links": [],
      "nullPointMode": "null",
      "options": {
        "alertThreshold": true
      },
      "percentage": false,
      "pluginVersion": "8.4.3",
      "pointradius": 5,
      "points": false,
      "renderer": "flot",
      "seriesOverrides": [],
      "spaceLength": 10,
      "stack": false,
      "steppedLine": false,
      "targets": [
        {
          "refId": "A",
          "target": "alias(perSecond(sumSeries($base.$env.$platform.$namespace.$application.http_server_requests_seconds_count.application.$application.exception.*Exception*.method.*.outcome.*.status.*.uri.*)), 'HTTP Error')",
          "textEditor": false
        }
      ],
      "thresholds": [],
      "timeRegions": [],
      "title": "Errors",
      "tooltip": {
        "shared": true,
        "sort": 0,
        "value_type": "individual"
      },
      "type": "graph",
      "xaxis": {
        "mode": "time",
        "show": true,
        "values": []
      },
      "yaxes": [
        {
          "format": "none",
          "logBase": 1,
          "min": "0",
          "show": true
        },
        {
          "format": "short",
          "logBase": 1,
          "show": true
        }
      ],
      "yaxis": {
        "align": false
      }
    },
    {
      "collapsed": false,
      "gridPos": {
        "h": 1,
        "w": 24,
        "x": 0,
        "y": 36
      },
      "id": 127,
      "panels": [],
      "title": "JVM Memory",
      "type": "row"
    },
    {
      "aliasColors": {},
      "bars": false,
      "dashLength": 10,
      "dashes": false,
      "datasource": {
        "uid": "$ds"
      },
      "editable": true,
      "error": false,
      "fieldConfig": {
        "defaults": {
          "links": []
        },
        "overrides": []
      },
      "fill": 1,
      "fillGradient": 0,
      "grid": {
        "leftLogBase": 1,
        "rightLogBase": 1
      },
      "gridPos": {
        "h": 7,
        "w": 6,
        "x": 0,
        "y": 37
      },
      "hiddenSeries": false,
      "id": 24,
      "legend": {
        "avg": false,
        "current": true,
        "max": true,
        "min": false,
        "show": true,
        "total": false,
        "values": true
      },
      "lines": true,
      "linewidth": 1,
      "links": [],
      "nullPointMode": "null",
      "options": {
        "alertThreshold": true
      },
      "percentage": false,
      "pluginVersion": "8.4.3",
      "pointradius": 5,
      "points": false,
      "renderer": "flot",
      "seriesOverrides": [],
      "spaceLength": 10,
      "stack": false,
      "steppedLine": false,
      "targets": [
        {
          "refCount": 0,
          "refId": "A",
          "target": "alias(sumSeries($base.$env.$platform.$namespace.$application.jvm_memory_used_bytes.application.$application.area.heap.id.*), 'used')"
        },
        {
          "refCount": 0,
          "refId": "B",
          "target": "alias(sumSeries($base.$env.$platform.$namespace.$application.jvm_memory_committed_bytes.application.$application.area.heap.id.*), 'committed')"
        },
        {
          "refCount": 0,
          "refId": "C",
          "target": "alias(sumSeries($base.$env.$platform.$namespace.$application.jvm_memory_max_bytes.application.$application.area.heap.id.*), 'max')"
        }
      ],
      "thresholds": [],
      "timeRegions": [],
      "title": "JVM Heap",
      "tooltip": {
        "msResolution": false,
        "shared": true,
        "sort": 0,
        "value_type": "cumulative"
      },
      "type": "graph",
      "x-axis": true,
      "xaxis": {
        "mode": "time",
        "show": true,
        "values": []
      },
      "y-axis": true,
      "y_formats": [
        "mbytes",
        "short"
      ],
      "yaxes": [
        {
          "format": "bytes",
          "logBase": 1,
          "min": 0,
          "show": true
        },
        {
          "format": "short",
          "logBase": 1,
          "show": true
        }
      ],
      "yaxis": {
        "align": false
      }
    },
    {
      "aliasColors": {},
      "bars": false,
      "dashLength": 10,
      "dashes": false,
      "datasource": {
        "uid": "$ds"
      },
      "editable": true,
      "error": false,
      "fieldConfig": {
        "defaults": {
          "links": []
        },
        "overrides": []
      },
      "fill": 1,
      "fillGradient": 0,
      "grid": {
        "leftLogBase": 1,
        "rightLogBase": 1
      },
      "gridPos": {
        "h": 7,
        "w": 6,
        "x": 6,
        "y": 37
      },
      "hiddenSeries": false,
      "id": 25,
      "legend": {
        "avg": false,
        "current": true,
        "max": true,
        "min": false,
        "show": true,
        "total": false,
        "values": true
      },
      "lines": true,
      "linewidth": 1,
      "links": [],
      "nullPointMode": "null",
      "options": {
        "alertThreshold": true
      },
      "percentage": false,
      "pluginVersion": "8.4.3",
      "pointradius": 5,
      "points": false,
      "renderer": "flot",
      "seriesOverrides": [],
      "spaceLength": 10,
      "stack": false,
      "steppedLine": false,
      "targets": [
        {
          "refCount": 0,
          "refId": "A",
          "target": "alias(sumSeries($base.$env.$platform.$namespace.$application.jvm_memory_used_bytes.application.$application.area.nonheap.id.*), 'used')"
        },
        {
          "refCount": 0,
          "refId": "B",
          "target": "alias(sumSeries($base.$env.$platform.$namespace.$application.jvm_memory_committed_bytes.application.$application.area.nonheap.id.*), 'committed')"
        },
        {
          "refCount": 0,
          "refId": "C",
          "target": "alias(sumSeries($base.$env.$platform.$namespace.$application.jvm_memory_max_bytes.application.$application.area.nonheap.id.*), 'max')"
        }
      ],
      "thresholds": [],
      "timeRegions": [],
      "title": "JVM Non-Heap",
      "tooltip": {
        "msResolution": false,
        "shared": true,
        "sort": 0,
        "value_type": "cumulative"
      },
      "type": "graph",
      "x-axis": true,
      "xaxis": {
        "mode": "time",
        "show": true,
        "values": []
      },
      "y-axis": true,
      "y_formats": [
        "mbytes",
        "short"
      ],
      "yaxes": [
        {
          "format": "bytes",
          "logBase": 1,
          "min": 0,
          "show": true
        },
        {
          "format": "short",
          "logBase": 1,
          "show": true
        }
      ],
      "yaxis": {
        "align": false
      }
    },
    {
      "aliasColors": {},
      "bars": false,
      "dashLength": 10,
      "dashes": false,
      "datasource": {
        "uid": "$ds"
      },
      "editable": true,
      "error": false,
      "fieldConfig": {
        "defaults": {
          "links": []
        },
        "overrides": []
      },
      "fill": 1,
      "fillGradient": 0,
      "grid": {
        "leftLogBase": 1,
        "rightLogBase": 1
      },
      "gridPos": {
        "h": 7,
        "w": 6,
        "x": 12,
        "y": 37
      },
      "hiddenSeries": false,
      "id": 26,
      "legend": {
        "alignAsTable": false,
        "avg": false,
        "current": true,
        "max": true,
        "min": false,
        "show": true,
        "total": false,
        "values": true
      },
      "lines": true,
      "linewidth": 1,
      "links": [],
      "nullPointMode": "null",
      "options": {
        "alertThreshold": true
      },
      "percentage": false,
      "pluginVersion": "8.4.3",
      "pointradius": 5,
      "points": false,
      "renderer": "flot",
      "seriesOverrides": [],
      "spaceLength": 10,
      "stack": false,
      "steppedLine": false,
      "targets": [
        {
          "refCount": 0,
          "refId": "A",
          "target": "alias(sumSeries($base.$env.$platform.$namespace.$application.jvm_memory_used_bytes.application.$application.area.*.id.*), 'used')"
        },
        {
          "refCount": 0,
          "refId": "B",
          "target": "alias(sumSeries($base.$env.$platform.$namespace.$application.jvm_memory_committed_bytes.application.$application.area.*.id.*), 'committed')"
        },
        {
          "refCount": 0,
          "refId": "C",
          "target": "alias(sumSeries($base.$env.$platform.$namespace.$application.jvm_memory_max_bytes.application.$application.area.*.id.*), 'max')"
        }
      ],
      "thresholds": [],
      "timeRegions": [],
      "title": "JVM Total",
      "tooltip": {
        "msResolution": false,
        "shared": true,
        "sort": 0,
        "value_type": "cumulative"
      },
      "type": "graph",
      "x-axis": true,
      "xaxis": {
        "mode": "time",
        "show": true,
        "values": []
      },
      "y-axis": true,
      "y_formats": [
        "mbytes",
        "short"
      ],
      "yaxes": [
        {
          "format": "bytes",
          "label": "",
          "logBase": 1,
          "min": 0,
          "show": true
        },
        {
          "format": "short",
          "logBase": 1,
          "show": true
        }
      ],
      "yaxis": {
        "align": false
      }
    },
    {
      "collapsed": false,
      "gridPos": {
        "h": 1,
        "w": 24,
        "x": 0,
        "y": 44
      },
      "id": 128,
      "panels": [],
      "title": "JVM Misc",
      "type": "row"
    },
    {
      "aliasColors": {},
      "bars": false,
      "dashLength": 10,
      "dashes": false,
      "datasource": {
        "uid": "$ds"
      },
      "editable": true,
      "error": false,
      "fieldConfig": {
        "defaults": {
          "links": []
        },
        "overrides": []
      },
      "fill": 1,
      "fillGradient": 0,
      "grid": {
        "leftLogBase": 1,
        "rightLogBase": 1
      },
      "gridPos": {
        "h": 7,
        "w": 6,
        "x": 0,
        "y": 45
      },
      "hiddenSeries": false,
      "id": 106,
      "legend": {
        "avg": false,
        "current": true,
        "max": true,
        "min": false,
        "show": true,
        "total": false,
        "values": true
      },
      "lines": true,
      "linewidth": 1,
      "links": [],
      "nullPointMode": "null",
      "options": {
        "alertThreshold": true
      },
      "percentage": false,
      "pluginVersion": "8.4.3",
      "pointradius": 5,
      "points": false,
      "renderer": "flot",
      "seriesOverrides": [],
      "spaceLength": 10,
      "stack": false,
      "steppedLine": false,
      "targets": [
        {
          "refCount": 0,
          "refId": "A",
          "target": "alias($base.$env.$platform.$namespace.$application.system_cpu_usage.application.$application, 'system')"
        },
        {
          "refCount": 0,
          "refId": "B",
          "target": "alias($base.$env.$platform.$namespace.$application.process_cpu_usage.application.$application, 'process')"
        },
        {
          "refCount": 0,
          "refId": "C",
          "target": "alias(movingAverage($base.$env.$platform.$namespace.$application.process_cpu_usage.application.$application, '1hour'), 'process - 1h')"
        }
      ],
      "thresholds": [],
      "timeRegions": [],
      "title": "CPU Usage",
      "tooltip": {
        "msResolution": false,
        "shared": true,
        "sort": 0,
        "value_type": "cumulative"
      },
      "type": "graph",
      "x-axis": true,
      "xaxis": {
        "mode": "time",
        "show": true,
        "values": []
      },
      "y-axis": true,
      "y_formats": [
        "short",
        "short"
      ],
      "yaxes": [
        {
          "decimals": 1,
          "format": "percentunit",
          "label": "",
          "logBase": 1,
          "max": "1",
          "min": 0,
          "show": true
        },
        {
          "format": "short",
          "logBase": 1,
          "show": true
        }
      ],
      "yaxis": {
        "align": false
      }
    },
    {
      "aliasColors": {},
      "bars": false,
      "dashLength": 10,
      "dashes": false,
      "datasource": {
        "uid": "$ds"
      },
      "editable": true,
      "error": false,
      "fieldConfig": {
        "defaults": {
          "links": []
        },
        "overrides": []
      },
      "fill": 1,
      "fillGradient": 0,
      "grid": {
        "leftLogBase": 1,
        "rightLogBase": 1
      },
      "gridPos": {
        "h": 7,
        "w": 6,
        "x": 6,
        "y": 45
      },
      "hiddenSeries": false,
      "id": 93,
      "legend": {
        "avg": false,
        "current": true,
        "max": true,
        "min": false,
        "show": true,
        "total": false,
        "values": true
      },
      "lines": true,
      "linewidth": 1,
      "links": [],
      "nullPointMode": "null",
      "options": {
        "alertThreshold": true
      },
      "percentage": false,
      "pluginVersion": "8.4.3",
      "pointradius": 5,
      "points": false,
      "renderer": "flot",
      "seriesOverrides": [],
      "spaceLength": 10,
      "stack": false,
      "steppedLine": false,
      "targets": [
        {
          "refCount": 0,
          "refId": "A",
          "target": "alias($base.$env.$platform.$namespace.$application.system_load_average_1m.application.$application, 'system-1m')"
        },
        {
          "refCount": 0,
          "refId": "B",
          "target": "alias($base.$env.$platform.$namespace.$application.system_cpu_count.application.$application, 'cpus')"
        }
      ],
      "thresholds": [],
      "timeRegions": [],
      "title": "Load",
      "tooltip": {
        "msResolution": false,
        "shared": true,
        "sort": 0,
        "value_type": "cumulative"
      },
      "type": "graph",
      "x-axis": true,
      "xaxis": {
        "mode": "time",
        "show": true,
        "values": []
      },
      "y-axis": true,
      "y_formats": [
        "short",
        "short"
      ],
      "yaxes": [
        {
          "decimals": 1,
          "format": "short",
          "label": "",
          "logBase": 1,
          "min": 0,
          "show": true
        },
        {
          "format": "short",
          "logBase": 1,
          "show": true
        }
      ],
      "yaxis": {
        "align": false
      }
    },
    {
      "aliasColors": {},
      "bars": false,
      "dashLength": 10,
      "dashes": false,
      "datasource": {
        "uid": "$ds"
      },
      "editable": true,
      "error": false,
      "fieldConfig": {
        "defaults": {
          "links": []
        },
        "overrides": []
      },
      "fill": 1,
      "fillGradient": 0,
      "grid": {
        "leftLogBase": 1,
        "rightLogBase": 1
      },
      "gridPos": {
        "h": 7,
        "w": 6,
        "x": 12,
        "y": 45
      },
      "hiddenSeries": false,
      "id": 32,
      "legend": {
        "avg": false,
        "current": true,
        "max": true,
        "min": false,
        "show": true,
        "total": false,
        "values": true
      },
      "lines": true,
      "linewidth": 1,
      "links": [],
      "nullPointMode": "null",
      "options": {
        "alertThreshold": true
      },
      "percentage": false,
      "pluginVersion": "8.4.3",
      "pointradius": 5,
      "points": false,
      "renderer": "flot",
      "seriesOverrides": [],
      "spaceLength": 10,
      "stack": false,
      "steppedLine": false,
      "targets": [
        {
          "refCount": 0,
          "refId": "A",
          "target": "alias($base.$env.$platform.$namespace.$application.jvm_threads_live_threads.application.$application, 'live')"
        },
        {
          "refCount": 0,
          "refId": "B",
          "target": "alias($base.$env.$platform.$namespace.$application.jvm_threads_daemon_threads.application.$application, 'daemon')"
        },
        {
          "refCount": 0,
          "refId": "C",
          "target": "alias($base.$env.$platform.$namespace.$application.jvm_threads_peak_threads.application.$application, 'peak')"
        }
      ],
      "thresholds": [],
      "timeRegions": [],
      "title": "Threads",
      "tooltip": {
        "msResolution": false,
        "shared": true,
        "sort": 0,
        "value_type": "cumulative"
      },
      "type": "graph",
      "x-axis": true,
      "xaxis": {
        "mode": "time",
        "show": true,
        "values": []
      },
      "y-axis": true,
      "y_formats": [
        "short",
        "short"
      ],
      "yaxes": [
        {
          "decimals": 0,
          "format": "short",
          "logBase": 1,
          "min": 0,
          "show": true
        },
        {
          "format": "short",
          "logBase": 1,
          "show": true
        }
      ],
      "yaxis": {
        "align": false
      }
    },
    {
      "aliasColors": {
        "blocked": "#bf1b00",
        "new": "#fce2de",
        "runnable": "#7eb26d",
        "terminated": "#511749",
        "timed-waiting": "#c15c17",
        "waiting": "#eab839"
      },
      "bars": false,
      "dashLength": 10,
      "dashes": false,
      "datasource": {
        "uid": "$ds"
      },
      "fieldConfig": {
        "defaults": {
          "links": []
        },
        "overrides": []
      },
      "fill": 1,
      "fillGradient": 0,
      "gridPos": {
        "h": 7,
        "w": 6,
        "x": 18,
        "y": 45
      },
      "hiddenSeries": false,
      "id": 124,
      "legend": {
        "alignAsTable": false,
        "avg": false,
        "current": true,
        "max": true,
        "min": false,
        "rightSide": false,
        "show": true,
        "total": false,
        "values": true
      },
      "lines": true,
      "linewidth": 1,
      "links": [],
      "nullPointMode": "null",
      "options": {
        "alertThreshold": true
      },
      "percentage": false,
      "pluginVersion": "8.4.3",
      "pointradius": 5,
      "points": false,
      "renderer": "flot",
      "seriesOverrides": [],
      "spaceLength": 10,
      "stack": false,
      "steppedLine": false,
      "targets": [
        {
          "refId": "A",
          "target": "aliasByMetric($base.$env.$platform.$namespace.$application.jvm_threads_states_threads.application.$application.state.*)"
        }
      ],
      "thresholds": [],
      "timeRegions": [],
      "title": "Thread States",
      "tooltip": {
        "shared": true,
        "sort": 0,
        "value_type": "individual"
      },
      "type": "graph",
      "xaxis": {
        "mode": "time",
        "show": true,
        "values": []
      },
      "yaxes": [
        {
          "format": "short",
          "logBase": 1,
          "show": true
        },
        {
          "format": "short",
          "logBase": 1,
          "show": true
        }
      ],
      "yaxis": {
        "align": false
      }
    },
    {
      "aliasColors": {
        "debug": "#1F78C1",
        "error": "#BF1B00",
        "info": "#508642",
        "trace": "#6ED0E0",
        "warn": "#EAB839"
      },
      "bars": false,
      "dashLength": 10,
      "dashes": false,
      "datasource": {
        "uid": "$ds"
      },
      "editable": true,
      "error": false,
      "fieldConfig": {
        "defaults": {
          "links": []
        },
        "overrides": []
      },
      "fill": 1,
      "fillGradient": 0,
      "grid": {
        "leftLogBase": 1,
        "rightLogBase": 1
      },
      "gridPos": {
        "h": 7,
        "w": 18,
        "x": 0,
        "y": 52
      },
      "height": "",
      "hiddenSeries": false,
      "id": 91,
      "legend": {
        "alignAsTable": false,
        "avg": false,
        "current": true,
        "hideEmpty": false,
        "hideZero": false,
        "max": true,
        "min": false,
        "rightSide": false,
        "show": true,
        "total": false,
        "values": true
      },
      "lines": true,
      "linewidth": 1,
      "links": [],
      "nullPointMode": "null",
      "options": {
        "alertThreshold": true
      },
      "percentage": true,
      "pluginVersion": "8.4.3",
      "pointradius": 5,
      "points": false,
      "renderer": "flot",
      "seriesOverrides": [
        {
          "alias": "error",
          "yaxis": 1
        },
        {
          "alias": "warn",
          "yaxis": 1
        }
      ],
      "spaceLength": 10,
      "stack": false,
      "steppedLine": false,
      "targets": [
        {
          "refId": "A",
          "target": "aliasByMetric(movingMedian($base.$env.$platform.$namespace.$application.logback_events_total.application.$application.level.*, '1hour'))"
        }
      ],
      "thresholds": [],
      "timeRegions": [],
      "title": "Log Events",
      "tooltip": {
        "msResolution": false,
        "shared": true,
        "sort": 0,
        "value_type": "individual"
      },
      "type": "graph",
      "x-axis": true,
      "xaxis": {
        "mode": "time",
        "show": true,
        "values": []
      },
      "y-axis": true,
      "y_formats": [
        "short",
        "short"
      ],
      "yaxes": [
        {
          "decimals": 0,
          "format": "opm",
          "logBase": 1,
          "min": "0",
          "show": true
        },
        {
          "format": "short",
          "logBase": 1,
          "show": true
        }
      ],
      "yaxis": {
        "align": false
      }
    },
    {
      "aliasColors": {},
      "bars": false,
      "dashLength": 10,
      "dashes": false,
      "datasource": {
        "uid": "$ds"
      },
      "editable": true,
      "error": false,
      "fieldConfig": {
        "defaults": {
          "links": []
        },
        "overrides": []
      },
      "fill": 1,
      "fillGradient": 0,
      "grid": {
        "leftLogBase": 1,
        "rightLogBase": 1
      },
      "gridPos": {
        "h": 7,
        "w": 6,
        "x": 18,
        "y": 52
      },
      "hiddenSeries": false,
      "id": 61,
      "legend": {
        "avg": false,
        "current": true,
        "max": true,
        "min": false,
        "show": true,
        "total": false,
        "values": true
      },
      "lines": true,
      "linewidth": 1,
      "links": [],
      "nullPointMode": "null",
      "options": {
        "alertThreshold": true
      },
      "percentage": false,
      "pluginVersion": "8.4.3",
      "pointradius": 5,
      "points": false,
      "renderer": "flot",
      "seriesOverrides": [],
      "spaceLength": 10,
      "stack": false,
      "steppedLine": false,
      "targets": [
        {
          "refCount": 0,
          "refId": "A",
          "target": "alias($base.$env.$platform.$namespace.$application.process_files_open_files.application.$application, 'open')"
        },
        {
          "refCount": 0,
          "refId": "B",
          "target": "alias($base.$env.$platform.$namespace.$application.process_files_max_files.application.$application, 'max')"
        }
      ],
      "thresholds": [],
      "timeRegions": [],
      "title": "File Descriptors",
      "tooltip": {
        "msResolution": false,
        "shared": true,
        "sort": 0,
        "value_type": "cumulative"
      },
      "type": "graph",
      "x-axis": true,
      "xaxis": {
        "mode": "time",
        "show": true,
        "values": []
      },
      "y-axis": true,
      "y_formats": [
        "short",
        "short"
      ],
      "yaxes": [
        {
          "decimals": 0,
          "format": "short",
          "logBase": 10,
          "min": 0,
          "show": true
        },
        {
          "format": "short",
          "logBase": 1,
          "show": true
        }
      ],
      "yaxis": {
        "align": false
      }
    },
    {
      "collapsed": false,
      "gridPos": {
        "h": 1,
        "w": 24,
        "x": 0,
        "y": 59
      },
      "id": 131,
      "panels": [],
      "title": "Garbage Collection",
      "type": "row"
    },
    {
      "aliasColors": {},
      "bars": false,
      "dashLength": 10,
      "dashes": false,
      "datasource": {
        "uid": "$ds"
      },
      "fieldConfig": {
        "defaults": {
          "links": []
        },
        "overrides": []
      },
      "fill": 1,
      "fillGradient": 0,
      "gridPos": {
        "h": 7,
        "w": 8,
        "x": 0,
        "y": 60
      },
      "hiddenSeries": false,
      "id": 98,
      "legend": {
        "avg": false,
        "current": false,
        "max": false,
        "min": false,
        "show": true,
        "total": false,
        "values": false
      },
      "lines": true,
      "linewidth": 1,
      "links": [],
      "nullPointMode": "null",
      "options": {
        "alertThreshold": true
      },
      "percentage": false,
      "pluginVersion": "8.4.3",
      "pointradius": 5,
      "points": false,
      "renderer": "flot",
      "seriesOverrides": [],
      "spaceLength": 10,
      "stack": false,
      "steppedLine": false,
      "targets": [
        {
          "refId": "A",
          "target": "aliasByNode(perSecond($base.$env.$platform.$namespace.$application.jvm_gc_pause_seconds_count.action.*.application.$application.cause.*), 7, 11)"
        }
      ],
      "thresholds": [],
      "timeRegions": [],
      "title": "Collections",
      "tooltip": {
        "shared": true,
        "sort": 0,
        "value_type": "individual"
      },
      "type": "graph",
      "xaxis": {
        "mode": "time",
        "show": true,
        "values": []
      },
      "yaxes": [
        {
          "format": "ops",
          "logBase": 1,
          "min": "0",
          "show": true
        },
        {
          "format": "short",
          "label": "",
          "logBase": 1,
          "show": true
        }
      ],
      "yaxis": {
        "align": false
      }
    },
    {
      "aliasColors": {},
      "bars": false,
      "dashLength": 10,
      "dashes": false,
      "datasource": {
        "uid": "$ds"
      },
      "fieldConfig": {
        "defaults": {
          "links": []
        },
        "overrides": []
      },
      "fill": 1,
      "fillGradient": 0,
      "gridPos": {
        "h": 7,
        "w": 8,
        "x": 8,
        "y": 60
      },
      "hiddenSeries": false,
      "id": 101,
      "legend": {
        "avg": false,
        "current": false,
        "max": false,
        "min": false,
        "show": true,
        "total": false,
        "values": false
      },
      "lines": true,
      "linewidth": 1,
      "links": [],
      "nullPointMode": "null",
      "options": {
        "alertThreshold": true
      },
      "percentage": false,
      "pluginVersion": "8.4.3",
      "pointradius": 5,
      "points": false,
      "renderer": "flot",
      "seriesOverrides": [],
      "spaceLength": 10,
      "stack": false,
      "steppedLine": false,
      "targets": [
        {
          "hide": true,
          "refCount": -1,
          "refId": "A",
          "target": "perSecond($base.$env.$platform.$namespace.$application.jvm_gc_pause_seconds_sum.action.*.application.$application.cause.*)"
        },
        {
          "hide": true,
          "refCount": 0,
          "refId": "B",
          "target": "perSecond($base.$env.$platform.$namespace.$application.jvm_gc_pause_seconds_count.action.*.application.$application.cause.*)"
        },
        {
          "refCount": 0,
          "refId": "C",
          "target": "aliasSub(aliasByNode(nPercentile(#A, 1), 7, 11), 'end_of', 'avg:end_of')",
          "targetFull": "aliasSub(aliasByNode(nPercentile(perSecond($base.$env.$platform.$namespace.$application.jvm_gc_pause_seconds_sum.action.*.application.$application.cause.*), 1), 7, 11), 'end_of', 'avg:end_of')"
        },
        {
          "hide": false,
          "refCount": 0,
          "refId": "D",
          "target": "aliasSub(aliasByMetric($base.$env.$platform.$namespace.$application.jvm_gc_pause_seconds_max.action.*.application.$application.cause.*), 'collect_due', 'max: collect_due')"
        }
      ],
      "thresholds": [],
      "timeRegions": [],
      "title": "Pause Durations",
      "tooltip": {
        "shared": true,
        "sort": 0,
        "value_type": "individual"
      },
      "type": "graph",
      "xaxis": {
        "mode": "time",
        "show": true,
        "values": []
      },
      "yaxes": [
        {
          "format": "s",
          "logBase": 1,
          "min": "0",
          "show": true
        },
        {
          "format": "short",
          "label": "",
          "logBase": 1,
          "show": true
        }
      ],
      "yaxis": {
        "align": false
      }
    },
    {
      "aliasColors": {},
      "bars": false,
      "dashLength": 10,
      "dashes": false,
      "datasource": {
        "uid": "$ds"
      },
      "fieldConfig": {
        "defaults": {
          "links": []
        },
        "overrides": []
      },
      "fill": 1,
      "fillGradient": 0,
      "gridPos": {
        "h": 7,
        "w": 8,
        "x": 16,
        "y": 60
      },
      "hiddenSeries": false,
      "id": 99,
      "legend": {
        "avg": false,
        "current": false,
        "max": false,
        "min": false,
        "show": true,
        "total": false,
        "values": false
      },
      "lines": true,
      "linewidth": 1,
      "links": [],
      "nullPointMode": "null",
      "options": {
        "alertThreshold": true
      },
      "percentage": false,
      "pluginVersion": "8.4.3",
      "pointradius": 5,
      "points": false,
      "renderer": "flot",
      "seriesOverrides": [],
      "spaceLength": 10,
      "stack": false,
      "steppedLine": false,
      "targets": [
        {
          "refCount": 0,
          "refId": "A",
          "target": "alias(perSecond($base.$env.$platform.$namespace.$application.jvm_gc_memory_allocated_bytes_total.application.$application), 'allocated')"
        },
        {
          "refCount": 0,
          "refId": "B",
          "target": "alias(perSecond($base.$env.$platform.$namespace.$application.jvm_gc_memory_promoted_bytes_total.application.$application), 'promoted')"
        }
      ],
      "thresholds": [],
      "timeRegions": [],
      "title": "Allocated/Promoted",
      "tooltip": {
        "shared": true,
        "sort": 0,
        "value_type": "individual"
      },
      "type": "graph",
      "xaxis": {
        "mode": "time",
        "show": true,
        "values": []
      },
      "yaxes": [
        {
          "format": "Bps",
          "logBase": 1,
          "min": "0",
          "show": true
        },
        {
          "format": "short",
          "logBase": 1,
          "show": true
        }
      ],
      "yaxis": {
        "align": false
      }
    },
    {
      "collapsed": true,
      "gridPos": {
        "h": 1,
        "w": 24,
        "x": 0,
        "y": 67
      },
      "id": 132,
      "panels": [
        {
          "aliasColors": {},
          "bars": false,
          "dashLength": 10,
          "dashes": false,
          "datasource": {
            "uid": "$ds"
          },
          "editable": true,
          "error": false,
          "fill": 1,
          "fillGradient": 0,
          "grid": {
            "leftLogBase": 1,
            "rightLogBase": 1
          },
          "gridPos": {
            "h": 7,
            "w": 12,
            "x": 0,
            "y": 7
          },
          "id": 37,
          "legend": {
            "avg": false,
            "current": false,
            "max": false,
            "min": false,
            "show": true,
            "total": false,
            "values": false
          },
          "lines": true,
          "linewidth": 1,
          "links": [],
          "nullPointMode": "null",
          "options": {
            "dataLinks": []
          },
          "percentage": false,
          "pointradius": 5,
          "points": false,
          "renderer": "flot",
          "seriesOverrides": [],
          "spaceLength": 10,
          "stack": false,
          "steppedLine": false,
          "targets": [
            {
              "refId": "A",
              "target": "alias($base.$env.$platform.$namespace.$application.jvm_classes_loaded_classes.application.$application, 'loaded')"
            }
          ],
          "thresholds": [],
          "timeRegions": [],
          "title": "Classes loaded",
          "tooltip": {
            "msResolution": false,
            "shared": true,
            "sort": 0,
            "value_type": "cumulative"
          },
          "type": "graph",
          "x-axis": true,
          "xaxis": {
            "mode": "time",
            "show": true,
            "values": []
          },
          "y-axis": true,
          "y_formats": [
            "short",
            "short"
          ],
          "yaxes": [
            {
              "format": "short",
              "logBase": 1,
              "min": 0,
              "show": true
            },
            {
              "format": "short",
              "logBase": 1,
              "show": true
            }
          ],
          "yaxis": {
            "align": false
          }
        }
      ],
      "title": "Classloading",
      "type": "row"
    },
    {
      "collapsed": true,
      "gridPos": {
        "h": 1,
        "w": 24,
        "x": 0,
        "y": 68
      },
      "id": 133,
      "panels": [
        {
          "aliasColors": {},
          "bars": false,
          "dashLength": 10,
          "dashes": false,
          "datasource": {
            "uid": "$ds"
          },
          "editable": true,
          "error": false,
          "fill": 1,
          "fillGradient": 0,
          "grid": {
            "leftLogBase": 1,
            "rightLogBase": 1
          },
          "gridPos": {
            "h": 7,
            "w": 6,
            "x": 0,
            "y": 8
          },
          "id": 33,
          "legend": {
            "avg": false,
            "current": false,
            "max": false,
            "min": false,
            "show": true,
            "total": false,
            "values": false
          },
          "lines": true,
          "linewidth": 1,
          "links": [],
          "nullPointMode": "null",
          "options": {
            "dataLinks": []
          },
          "percentage": false,
          "pointradius": 5,
          "points": false,
          "renderer": "flot",
          "seriesOverrides": [],
          "spaceLength": 10,
          "stack": false,
          "steppedLine": false,
          "targets": [
            {
              "refCount": 0,
              "refId": "A",
              "target": "alias($base.$env.$platform.$namespace.$application.jvm_buffer_memory_used_bytes.application.$application.id.direct, 'used')"
            },
            {
              "refCount": 0,
              "refId": "B",
              "target": "alias($base.$env.$platform.$namespace.$application.jvm_buffer_total_capacity_bytes.application.$application.id.direct, 'capacity')"
            }
          ],
          "thresholds": [],
          "timeRegions": [],
          "title": "Direct Buffers",
          "tooltip": {
            "msResolution": false,
            "shared": true,
            "sort": 0,
            "value_type": "cumulative"
          },
          "type": "graph",
          "x-axis": true,
          "xaxis": {
            "mode": "time",
            "show": true,
            "values": []
          },
          "y-axis": true,
          "y_formats": [
            "short",
            "short"
          ],
          "yaxes": [
            {
              "format": "bytes",
              "logBase": 1,
              "min": 0,
              "show": true
            },
            {
              "format": "short",
              "logBase": 1,
              "show": true
            }
          ],
          "yaxis": {
            "align": false
          }
        },
        {
          "aliasColors": {},
          "bars": false,
          "dashLength": 10,
          "dashes": false,
          "datasource": {
            "uid": "$ds"
          },
          "editable": true,
          "error": false,
          "fill": 1,
          "fillGradient": 0,
          "grid": {
            "leftLogBase": 1,
            "rightLogBase": 1
          },
          "gridPos": {
            "h": 7,
            "w": 6,
            "x": 6,
            "y": 8
          },
          "id": 83,
          "legend": {
            "avg": false,
            "current": false,
            "max": false,
            "min": false,
            "show": true,
            "total": false,
            "values": false
          },
          "lines": true,
          "linewidth": 1,
          "links": [],
          "nullPointMode": "null",
          "options": {
            "dataLinks": []
          },
          "percentage": false,
          "pointradius": 5,
          "points": false,
          "renderer": "flot",
          "seriesOverrides": [],
          "spaceLength": 10,
          "stack": false,
          "steppedLine": false,
          "targets": [
            {
              "refId": "A",
              "target": "alias($base.$env.$platform.$namespace.$application.jvm_buffer_count_buffers.application.$application.id.direct, 'count')"
            }
          ],
          "thresholds": [],
          "timeRegions": [],
          "title": "Direct Buffers",
          "tooltip": {
            "msResolution": false,
            "shared": true,
            "sort": 0,
            "value_type": "cumulative"
          },
          "type": "graph",
          "x-axis": true,
          "xaxis": {
            "mode": "time",
            "show": true,
            "values": []
          },
          "y-axis": true,
          "y_formats": [
            "short",
            "short"
          ],
          "yaxes": [
            {
              "decimals": 0,
              "format": "short",
              "logBase": 1,
              "min": 0,
              "show": true
            },
            {
              "format": "short",
              "logBase": 1,
              "show": true
            }
          ],
          "yaxis": {
            "align": false
          }
        },
        {
          "aliasColors": {},
          "bars": false,
          "dashLength": 10,
          "dashes": false,
          "datasource": {
            "uid": "$ds"
          },
          "editable": true,
          "error": false,
          "fill": 1,
          "fillGradient": 0,
          "grid": {
            "leftLogBase": 1,
            "rightLogBase": 1
          },
          "gridPos": {
            "h": 7,
            "w": 6,
            "x": 12,
            "y": 8
          },
          "id": 85,
          "legend": {
            "avg": false,
            "current": false,
            "max": false,
            "min": false,
            "show": true,
            "total": false,
            "values": false
          },
          "lines": true,
          "linewidth": 1,
          "links": [],
          "nullPointMode": "null",
          "options": {
            "dataLinks": []
          },
          "percentage": false,
          "pointradius": 5,
          "points": false,
          "renderer": "flot",
          "seriesOverrides": [],
          "spaceLength": 10,
          "stack": false,
          "steppedLine": false,
          "targets": [
            {
              "refCount": 0,
              "refId": "A",
              "target": "alias($base.$env.$platform.$namespace.$application.jvm_buffer_memory_used_bytes.application.$application.id.mapped, 'used')"
            },
            {
              "refCount": 0,
              "refId": "B",
              "target": "alias($base.$env.$platform.$namespace.$application.jvm_buffer_total_capacity_bytes.application.$application.id.mapped, 'capacity')"
            }
          ],
          "thresholds": [],
          "timeRegions": [],
          "title": "Mapped Buffers",
          "tooltip": {
            "msResolution": false,
            "shared": true,
            "sort": 0,
            "value_type": "cumulative"
          },
          "type": "graph",
          "x-axis": true,
          "xaxis": {
            "mode": "time",
            "show": true,
            "values": []
          },
          "y-axis": true,
          "y_formats": [
            "short",
            "short"
          ],
          "yaxes": [
            {
              "format": "bytes",
              "logBase": 1,
              "min": 0,
              "show": true
            },
            {
              "format": "short",
              "logBase": 1,
              "show": true
            }
          ],
          "yaxis": {
            "align": false
          }
        },
        {
          "aliasColors": {},
          "bars": false,
          "dashLength": 10,
          "dashes": false,
          "datasource": {
            "uid": "$ds"
          },
          "editable": true,
          "error": false,
          "fill": 1,
          "fillGradient": 0,
          "grid": {
            "leftLogBase": 1,
            "rightLogBase": 1
          },
          "gridPos": {
            "h": 7,
            "w": 6,
            "x": 18,
            "y": 8
          },
          "id": 84,
          "legend": {
            "avg": false,
            "current": false,
            "max": false,
            "min": false,
            "show": true,
            "total": false,
            "values": false
          },
          "lines": true,
          "linewidth": 1,
          "links": [],
          "nullPointMode": "null",
          "options": {
            "dataLinks": []
          },
          "percentage": false,
          "pointradius": 5,
          "points": false,
          "renderer": "flot",
          "seriesOverrides": [],
          "spaceLength": 10,
          "stack": false,
          "steppedLine": false,
          "targets": [
            {
              "refId": "A",
              "target": "alias($base.$env.$platform.$namespace.$application.jvm_buffer_count_buffers.application.$application.id.mapped, 'count')"
            }
          ],
          "thresholds": [],
          "timeRegions": [],
          "title": "Mapped Buffers",
          "tooltip": {
            "msResolution": false,
            "shared": true,
            "sort": 0,
            "value_type": "cumulative"
          },
          "type": "graph",
          "x-axis": true,
          "xaxis": {
            "mode": "time",
            "show": true,
            "values": []
          },
          "y-axis": true,
          "y_formats": [
            "short",
            "short"
          ],
          "yaxes": [
            {
              "decimals": 0,
              "format": "short",
              "logBase": 1,
              "min": 0,
              "show": true
            },
            {
              "format": "short",
              "logBase": 1,
              "show": true
            }
          ],
          "yaxis": {
            "align": false
          }
        }
      ],
      "title": "Buffer Pools",
      "type": "row"
    }
  ],
  "refresh": false,
  "schemaVersion": 35,
  "style": "dark",
  "tags": [],
  "templating": {
    "list": [
      {
        "current": {
          "selected": false,
          "text": "graphite_dal09",
          "value": "graphite_dal09"
        },
        "hide": 0,
        "includeAll": false,
        "label": "datasource",
        "multi": false,
        "name": "ds",
        "options": [],
        "query": "graphite",
        "queryValue": "",
        "refresh": 1,
        "regex": "",
        "skipUrlSync": false,
        "type": "datasource"
      },
      {
        "current": {
          "selected": false,
          "text": "dal09",
          "value": "dal09"
        },
        "datasource": {
          "type": "graphite",
          "uid": "$ds"
        },
        "definition": "*",
        "hide": 0,
        "includeAll": false,
        "multi": false,
        "name": "base",
        "options": [],
        "query": "*",
        "refresh": 2,
        "regex": "",
        "skipUrlSync": false,
        "sort": 0,
        "tagValuesQuery": "",
        "tagsQuery": "",
        "type": "query",
        "useTags": false
      },
      {
        "current": {
          "selected": false,
          "text": "dev",
          "value": "dev"
        },
        "datasource": {
          "type": "graphite",
          "uid": "$ds"
        },
        "definition": "$base.{stg,prd,dev}",
        "hide": 0,
        "includeAll": false,
        "multi": false,
        "name": "env",
        "options": [],
        "query": "$base.{stg,prd,dev}",
        "refresh": 2,
        "regex": "",
        "skipUrlSync": false,
        "sort": 0,
        "tagValuesQuery": "",
        "tagsQuery": "",
        "type": "query",
        "useTags": false
      },
      {
        "current": {
          "selected": false,
          "text": "k8s",
          "value": "k8s"
        },
        "datasource": {
          "type": "graphite",
          "uid": "$ds"
        },
        "definition": "$base.$env.*",
        "hide": 0,
        "includeAll": false,
        "multi": false,
        "name": "platform",
        "options": [],
        "query": "$base.$env.*",
        "refresh": 2,
        "regex": "",
        "skipUrlSync": false,
        "sort": 0,
        "tagValuesQuery": "",
        "tagsQuery": "",
        "type": "query",
        "useTags": false
      },
      {
        "current": {
          "selected": false,
          "text": "xpp",
          "value": "xpp"
        },
        "datasource": {
          "type": "graphite",
          "uid": "$ds"
        },
        "definition": "$base.$env.$platform.*",
        "hide": 0,
        "includeAll": false,
        "multi": false,
        "name": "namespace",
        "options": [],
        "query": "$base.$env.$platform.*",
        "refresh": 2,
        "regex": "",
        "skipUrlSync": false,
        "sort": 0,
        "tagValuesQuery": "",
        "tagsQuery": "",
        "type": "query",
        "useTags": false
      },
      {
        "current": {
          "selected": false,
          "text": "cbr-response-worker",
          "value": "cbr-response-worker"
        },
        "datasource": {
          "type": "graphite",
          "uid": "$ds"
        },
        "definition": "$base.$env.$platform.$namespace.*",
        "hide": 0,
        "includeAll": false,
        "label": "Application",
        "multi": false,
        "name": "application",
        "options": [],
        "query": "$base.$env.$platform.$namespace.*",
        "refresh": 2,
        "regex": "",
        "skipUrlSync": false,
        "sort": 0,
        "tagValuesQuery": "",
        "tagsQuery": "",
        "type": "query",
        "useTags": false
      }
    ]
  },
  "time": {
    "from": "now-7d",
    "to": "now"
  },
  "timepicker": {
    "now": true,
    "refresh_intervals": [
      "5s",
      "10s",
      "30s",
      "1m",
      "5m",
      "15m",
      "30m",
      "1h",
      "2h",
      "1d"
    ],
    "time_options": [
      "5m",
      "15m",
      "1h",
      "6h",
      "12h",
      "24h",
      "2d",
      "7d",
      "30d"
    ]
  },
  "timezone": "browser",
  "title": "health-check-ms",
  "weekStart": ""
}